dataset	method	trial	ml	score	time
enc	lex_size	0	DecisionTreeRegressor	0.921801144654	7.05208158493042
enc	lex_size	16	DecisionTreeRegressor	0.915188193067	7.176347494125366
enc	lex_size	19	DecisionTreeRegressor	0.915166435849	7.376811981201172
enc	lex_size	12	DecisionTreeRegressor	0.887628988252	7.572771310806274
enc	lex_size	18	DecisionTreeRegressor	0.92915260332	7.071023464202881
enc	lex_size	17	DecisionTreeRegressor	0.918641283054	7.155798435211182
enc	lex_size	14	DecisionTreeRegressor	0.924365357245	7.209130048751831
enc	lex_size	1	DecisionTreeRegressor	0.918908718565	7.2525529861450195
enc	lex_size	10	DecisionTreeRegressor	0.843349603321	7.382538318634033
enc	lex_size	11	DecisionTreeRegressor	0.910773810556	7.612282752990723
enc	lex_size	3	DecisionTreeRegressor	0.895994725764	7.756937026977539
enc	lex_size	2	DecisionTreeRegressor	0.929378860576	7.583230495452881
enc	lex_size	6	DecisionTreeRegressor	0.931398560388	7.882091760635376
enc	lex_size	5	DecisionTreeRegressor	0.925127936826	7.925033330917358
enc	lex_size	4	DecisionTreeRegressor	0.884810530855	7.782492399215698
enc	lex_size	9	DecisionTreeRegressor	0.906142712649	7.946538209915161
enc	lex_size	8	DecisionTreeRegressor	0.848941026473	8.199626922607422
enc	lex_size	7	DecisionTreeRegressor	0.887606028396	8.179709196090698
enc	lex_size	13	DecisionTreeRegressor	0.912272619535	8.254989624023438
concrete	lex_size	12	DecisionTreeRegressor	0.378619649854	12.352536916732788
concrete	lex_size	19	DecisionTreeRegressor	0.319009444046	12.38526964187622
concrete	lex_size	14	DecisionTreeRegressor	0.0523087554975	12.520266771316528
concrete	lex_size	17	DecisionTreeRegressor	0.270653545601	12.54230284690857
concrete	lex_size	15	DecisionTreeRegressor	0.400786656378	12.370011806488037
concrete	lex_size	13	DecisionTreeRegressor	0.309142822844	12.695344924926758
concrete	lex_size	16	DecisionTreeRegressor	0.470100381345	12.710596799850464
concrete	lex_size	18	DecisionTreeRegressor	0.332541115495	12.768407583236694
concrete	lex_size	0	DecisionTreeRegressor	0.305975548172	12.954155921936035
concrete	lex_size	11	DecisionTreeRegressor	-0.0976647433533	13.561762571334839
concrete	lex_size	9	DecisionTreeRegressor	0.262790436158	13.68827223777771
concrete	lex_size	6	DecisionTreeRegressor	0.363939676953	13.698871612548828
concrete	lex_size	1	DecisionTreeRegressor	0.344850640636	12.395990371704102
concrete	lex_size	8	DecisionTreeRegressor	0.129624356962	13.953609943389893
concrete	lex_size	4	DecisionTreeRegressor	0.298621427537	14.05006742477417
concrete	lex_size	7	DecisionTreeRegressor	0.345346539454	13.585232973098755
concrete	lex_size	2	DecisionTreeRegressor	0.364157364093	12.432683944702148
concrete	lex_size	3	DecisionTreeRegressor	0.509532221398	14.258705377578735
concrete	lex_size	10	DecisionTreeRegressor	0.328150355683	13.077584743499756
concrete	lex_size	5	DecisionTreeRegressor	0.153680555223	12.90882658958435
concrete	control	18	DecisionTreeRegressor	0.214978285499	14.667023658752441
concrete	control	13	DecisionTreeRegressor	0.198932447291	15.340977907180786
concrete	control	17	DecisionTreeRegressor	0.157385603933	15.371953248977661
concrete	control	0	DecisionTreeRegressor	0.457283458096	15.428884267807007
concrete	control	15	DecisionTreeRegressor	0.117081629536	15.269981384277344
concrete	control	11	DecisionTreeRegressor	0.316539251683	15.60725712776184
concrete	control	16	DecisionTreeRegressor	0.315873801112	15.749626636505127
enc	control	2	DecisionTreeRegressor	0.90772776065	8.150538206100464
enc	control	19	DecisionTreeRegressor	0.902808839923	8.740355253219604
concrete	control	12	DecisionTreeRegressor	0.378919479484	15.93697738647461
concrete	control	5	DecisionTreeRegressor	0.204201085151	15.94662857055664
enc	control	10	DecisionTreeRegressor	0.887923958484	8.241095542907715
enc	control	12	DecisionTreeRegressor	0.917764479959	8.851361989974976
enc	control	17	DecisionTreeRegressor	0.90071915594	8.422236442565918
enc	control	18	DecisionTreeRegressor	0.926766381385	8.529538869857788
enc	control	1	DecisionTreeRegressor	0.915183510455	8.6270170211792
concrete	control	19	DecisionTreeRegressor	0.398846205653	16.360564470291138
enc	control	0	DecisionTreeRegressor	0.892312943134	9.235972166061401
enc	control	11	DecisionTreeRegressor	0.882522873744	8.694178819656372
enc	control	16	DecisionTreeRegressor	0.907532936474	9.30642318725586
concrete	control	1	DecisionTreeRegressor	0.0644042163057	14.849845170974731
enc	control	15	DecisionTreeRegressor	0.905827304717	9.044175386428833
enc	control	8	DecisionTreeRegressor	0.888903062278	9.103418111801147
concrete	control	7	DecisionTreeRegressor	0.199951993249	16.885541677474976
enc	control	13	DecisionTreeRegressor	0.897592140057	9.361892223358154
enc	control	5	DecisionTreeRegressor	0.914704049167	9.21120023727417
enc	control	14	DecisionTreeRegressor	0.929998560439	9.397372961044312
concrete	control	9	DecisionTreeRegressor	0.0970594544898	17.136544466018677
concrete	control	6	DecisionTreeRegressor	0.407586827996	16.634886026382446
concrete	control	4	DecisionTreeRegressor	0.267655180164	17.283469676971436
concrete	control	14	DecisionTreeRegressor	0.192313672606	17.283775568008423
enc	control	4	DecisionTreeRegressor	0.936740523963	9.592607498168945
concrete	control	2	DecisionTreeRegressor	0.308905526397	16.019946336746216
enc	control	3	DecisionTreeRegressor	0.911117937845	10.013657093048096
enc	control	9	DecisionTreeRegressor	0.875317014543	10.046867370605469
concrete	control	8	DecisionTreeRegressor	0.328177830387	17.943154096603394
concrete	control	3	DecisionTreeRegressor	0.403908437166	16.247570753097534
concrete	control	10	DecisionTreeRegressor	0.200069701193	16.731528520584106
enc	control	7	DecisionTreeRegressor	0.905120395636	11.209712982177734
enc	control	6	DecisionTreeRegressor	0.890037747432	11.234955787658691
concrete	control	12	LassoLarsCV	-0.693969792448	26.580361127853394
concrete	control	11	LassoLarsCV	0.595098463168	26.046141147613525
concrete	control	2	LassoLarsCV	0.654355962071	26.15570044517517
concrete	control	16	LassoLarsCV	0.4794444623	28.46806573867798
concrete	control	6	LassoLarsCV	0.665659487162	27.605860471725464
housing	lex_size	0	DecisionTreeRegressor	0.343425993686	8.398156642913818
housing	lex_size	18	DecisionTreeRegressor	0.169027309142	8.709276676177979
housing	lex_size	12	DecisionTreeRegressor	0.42106450621	8.724328517913818
concrete	control	4	LassoLarsCV	0.576751489242	28.555890560150146
housing	lex_size	8	DecisionTreeRegressor	0.380955712751	8.439028263092041
housing	lex_size	7	DecisionTreeRegressor	0.380552665884	8.595301866531372
housing	lex_size	4	DecisionTreeRegressor	0.489447735892	8.615482807159424
housing	lex_size	19	DecisionTreeRegressor	0.399574067487	8.65938925743103
housing	lex_size	2	DecisionTreeRegressor	0.210197968458	8.751445531845093
housing	lex_size	14	DecisionTreeRegressor	0.348793865755	8.931923627853394
housing	lex_size	11	DecisionTreeRegressor	0.356777696454	8.98701286315918
housing	lex_size	15	DecisionTreeRegressor	0.412846552	9.12154221534729
housing	lex_size	9	DecisionTreeRegressor	0.284755453078	9.136484384536743
concrete	control	18	LassoLarsCV	0.516039723081	30.019099235534668
housing	lex_size	3	DecisionTreeRegressor	0.358090586904	9.465968370437622
housing	lex_size	6	DecisionTreeRegressor	0.193480172838	9.503408670425415
housing	lex_size	1	DecisionTreeRegressor	0.208458964947	9.512800693511963
concrete	control	15	LassoLarsCV	0.611356192173	30.144041061401367
concrete	control	13	LassoLarsCV	0.528143840955	30.16390037536621
housing	lex_size	5	DecisionTreeRegressor	0.172539324244	9.807158946990967
housing	lex_size	10	DecisionTreeRegressor	0.325391038298	9.012485027313232
housing	lex_size	13	DecisionTreeRegressor	0.245821736054	9.212259531021118
concrete	control	0	LassoLarsCV	0.602364087881	32.05012655258179
concrete	control	19	LassoLarsCV	0.657092696379	32.36888670921326
concrete	control	17	LassoLarsCV	0.695619236614	31.29673719406128
concrete	lex_size	0	LassoLarsCV	0.206754284224	33.227428674697876
concrete	control	8	LassoLarsCV	0.688816987721	31.36681365966797
concrete	control	3	LassoLarsCV	0.676910516157	30.9482262134552
concrete	control	1	LassoLarsCV	0.641596575198	31.65191340446472
concrete	lex_size	16	LassoLarsCV	0.443649616856	34.06404972076416
concrete	control	5	LassoLarsCV	0.695586059924	32.393842697143555
concrete	lex_size	15	LassoLarsCV	0.465238763911	34.33272314071655
concrete	lex_size	11	LassoLarsCV	0.584286681919	34.880898237228394
concrete	control	7	LassoLarsCV	0.675025690803	33.89826416969299
concrete	lex_size	12	LassoLarsCV	0.710383357564	35.54871153831482
concrete	lex_size	13	LassoLarsCV	0.60904227181	35.655800104141235
concrete	control	9	LassoLarsCV	0.604692426518	34.371294260025024
concrete	control	10	LassoLarsCV	0.571369810348	33.618873834609985
concrete	lex_size	5	LassoLarsCV	0.563373113566	36.28392696380615
concrete	lex_size	4	LassoLarsCV	-3.66510889739	36.380571126937866
concrete	lex_size	18	LassoLarsCV	0.662884363965	36.395485401153564
concrete	lex_size	2	LassoLarsCV	0.663113434738	35.05933713912964
housing	control	18	DecisionTreeRegressor	0.24260249084	9.44993805885315
housing	control	17	DecisionTreeRegressor	0.206366996907	9.467251062393188
concrete	lex_size	19	LassoLarsCV	0.68197941268	36.8216495513916
concrete	lex_size	17	LassoLarsCV	0.455548272951	36.98891258239746
housing	control	19	DecisionTreeRegressor	-0.483880193013	9.519957542419434
housing	control	0	DecisionTreeRegressor	0.426812899681	9.92094349861145
concrete	lex_size	3	LassoLarsCV	0.471653857597	35.41471862792969
housing	control	14	DecisionTreeRegressor	0.334328745499	9.567109107971191
housing	control	15	DecisionTreeRegressor	0.242950183211	9.649211883544922
housing	control	7	DecisionTreeRegressor	0.21899091321	9.713599443435669
housing	control	2	DecisionTreeRegressor	0.182908651048	10.020921468734741
enc	lex_size	19	LassoLarsCV	0.862067223292	26.169586896896362
housing	control	4	DecisionTreeRegressor	0.491011742142	10.132233142852783
concrete	lex_size	8	LassoLarsCV	-5.05762799673e+45	37.783371925354004
concrete	lex_size	6	LassoLarsCV	0.312233183886	37.24632215499878
concrete	lex_size	9	LassoLarsCV	0.660357362804	37.955764055252075
concrete	lex_size	7	LassoLarsCV	0.567038182754	37.970276832580566
housing	control	8	DecisionTreeRegressor	-0.158559294426	10.517269611358643
housing	control	16	DecisionTreeRegressor	0.275280361483	10.572240591049194
housing	control	5	DecisionTreeRegressor	0.422333481928	10.552917718887329
housing	control	9	DecisionTreeRegressor	0.368980230454	10.779483318328857
housing	control	11	DecisionTreeRegressor	0.381642235711	10.783281564712524
housing	control	6	DecisionTreeRegressor	0.34013622279	10.891782283782959
concrete	lex_size	14	LassoLarsCV	0.692777648692	38.705546855926514
housing	control	1	DecisionTreeRegressor	0.268119685546	11.147989749908447
concrete	lex_size	10	LassoLarsCV	-5.92548281716	37.38300442695618
enc	lex_size	17	LassoLarsCV	0.880675164868	26.93878722190857
housing	control	13	DecisionTreeRegressor	0.241254646692	11.234368801116943
enc	lex_size	12	LassoLarsCV	-38.9630395443	27.40514588356018
enc	lex_size	15	LassoLarsCV	0.832496144051	26.99261736869812
housing	control	3	DecisionTreeRegressor	0.247440194235	11.35746455192566
housing	control	10	DecisionTreeRegressor	0.283149155781	11.435628414154053
enc	lex_size	10	LassoLarsCV	0.856892099209	27.269524574279785
enc	lex_size	11	LassoLarsCV	0.843722333738	27.53127646446228
enc	lex_size	3	LassoLarsCV	0.846875851791	27.50636076927185
enc	lex_size	0	LassoLarsCV	0.883066366673	28.160521030426025
enc	lex_size	13	LassoLarsCV	0.880799876998	27.798556804656982
enc	lex_size	1	LassoLarsCV	0.880838696365	27.788475036621094
enc	lex_size	16	LassoLarsCV	0.863742478875	28.407868146896362
concrete	lex_size	1	LassoLarsCV	0.526544565075	38.63582229614258
enc	lex_size	14	LassoLarsCV	0.88243165027	28.66180682182312
enc	control	15	LassoLarsCV	0.879476563799	23.167067766189575
enc	control	17	LassoLarsCV	0.873226545546	23.855438232421875
enc	lex_size	18	LassoLarsCV	0.849124346164	28.919931650161743
enc	lex_size	7	LassoLarsCV	0.894674775108	29.00989818572998
enc	lex_size	4	LassoLarsCV	0.873252028291	29.44164204597473
enc	lex_size	2	LassoLarsCV	0.87758263746	29.82785415649414
enc	lex_size	9	LassoLarsCV	0.886853290018	29.925064086914062
enc	control	14	LassoLarsCV	0.866686541243	24.672366857528687
enc	control	7	LassoLarsCV	0.845381681265	25.23198437690735
enc	control	19	LassoLarsCV	-4.24536347343e+19	25.31829261779785
enc	lex_size	6	LassoLarsCV	0.882238443631	30.919032335281372
enc	control	5	LassoLarsCV	0.824176428867	25.490196704864502
enc	control	8	LassoLarsCV	0.87024883293	25.589438438415527
enc	control	0	LassoLarsCV	0.872192030257	26.251643180847168
enc	lex_size	8	LassoLarsCV	0.866246673001	31.162867784500122
enc	lex_size	5	LassoLarsCV	0.840556097616	31.176719188690186
enc	control	18	LassoLarsCV	0.866686541243	26.5008487701416
enc	control	2	LassoLarsCV	0.866672299199	26.268715858459473
enc	control	9	LassoLarsCV	0.856022602571	26.698440551757812
enc	control	13	LassoLarsCV	0.866686541243	27.327199459075928
enc	control	12	LassoLarsCV	0.864995918184	28.43740463256836
enc	control	16	LassoLarsCV	0.890950490379	28.205787181854248
enc	control	10	LassoLarsCV	0.768967822779	29.09883737564087
enc	control	11	LassoLarsCV	0.884321178965	30.082443714141846
enc	control	6	LassoLarsCV	0.861875834923	30.596730709075928
enc	control	3	LassoLarsCV	0.870740220099	31.76683783531189
enc	control	1	LassoLarsCV	-75.8170767217	32.23188018798828
housing	control	19	LassoLarsCV	0.310795553239	20.79316020011902
housing	control	13	LassoLarsCV	0.457595565788	21.935381174087524
housing	control	6	LassoLarsCV	0.0455087440178	22.572598457336426
housing	control	15	LassoLarsCV	0.297556316947	23.250093936920166
housing	control	12	LassoLarsCV	0.421917286213	23.192641258239746
housing	control	8	LassoLarsCV	0.310784867599	24.691503763198853
housing	control	3	LassoLarsCV	0.257531862121	24.083658695220947
housing	control	18	LassoLarsCV	-15.2857777705	25.305924654006958
housing	control	4	LassoLarsCV	0.135449278583	25.931827545166016
housing	lex_size	7	LassoLarsCV	0.193729536157	31.342583894729614
housing	control	10	LassoLarsCV	0.474999459216	25.874833822250366
housing	control	16	LassoLarsCV	0.36811650258	26.078622579574585
housing	lex_size	13	LassoLarsCV	0.364945011658	33.03934597969055
housing	control	0	LassoLarsCV	0.0487215710138	27.280237436294556
housing	control	11	LassoLarsCV	0.27825507661	27.513556003570557
housing	control	9	LassoLarsCV	0.172445457378	28.34630537033081
housing	lex_size	15	LassoLarsCV	0.246050314614	33.9507577419281
housing	lex_size	4	LassoLarsCV	0.0998025995788	34.46644639968872
housing	lex_size	12	LassoLarsCV	0.278630750056	34.68421769142151
housing	lex_size	19	LassoLarsCV	0.307259205961	35.21714162826538
housing	lex_size	16	LassoLarsCV	-148.140933232	35.08197021484375
housing	control	1	LassoLarsCV	0.364626790106	29.176097869873047
housing	lex_size	1	LassoLarsCV	0.245433323989	35.02315664291382
housing	lex_size	11	LassoLarsCV	-0.2385831213	35.38330841064453
housing	lex_size	8	LassoLarsCV	0.401512544696	35.59833002090454
housing	lex_size	17	LassoLarsCV	0.172749586845	36.15891766548157
housing	lex_size	10	LassoLarsCV	0.313390262446	35.47524571418762
housing	control	7	LassoLarsCV	0.402978567918	30.129655838012695
yacht	lex_size	16	DecisionTreeRegressor	0.986184469077	6.17075514793396
yacht	lex_size	12	DecisionTreeRegressor	0.98939901135	6.197699785232544
yacht	lex_size	0	DecisionTreeRegressor	0.988352610345	6.2268266677856445
yacht	lex_size	11	DecisionTreeRegressor	0.98778325073	5.980053901672363
yacht	lex_size	19	DecisionTreeRegressor	0.989298801691	6.3466761112213135
housing	control	17	LassoLarsCV	0.397626302576	31.234511375427246
yacht	lex_size	13	DecisionTreeRegressor	0.983942893689	6.137740850448608
yacht	lex_size	18	DecisionTreeRegressor	0.988213990293	6.248875617980957
yacht	lex_size	9	DecisionTreeRegressor	0.985873768965	6.259965658187866
yacht	lex_size	6	DecisionTreeRegressor	0.987492202377	6.357012033462524
yacht	lex_size	17	DecisionTreeRegressor	0.987434603235	6.43238377571106
housing	lex_size	9	LassoLarsCV	0.275291895946	37.27963042259216
yacht	lex_size	14	DecisionTreeRegressor	0.98811740245	6.653263330459595
yacht	lex_size	2	DecisionTreeRegressor	0.988293232656	6.7072155475616455
yacht	lex_size	7	DecisionTreeRegressor	0.987778575719	6.717397689819336
housing	lex_size	6	LassoLarsCV	0.198079514571	37.39894199371338
yacht	lex_size	5	DecisionTreeRegressor	0.9847125037	6.780472278594971
yacht	lex_size	10	DecisionTreeRegressor	0.967820810523	6.865108013153076
yacht	lex_size	1	DecisionTreeRegressor	0.986167066922	6.825293302536011
housing	control	2	LassoLarsCV	-3.18243113558	31.52197813987732
yacht	lex_size	3	DecisionTreeRegressor	0.988058701235	6.885745286941528
yacht	lex_size	8	DecisionTreeRegressor	0.991915026459	6.893659353256226
yacht	lex_size	4	DecisionTreeRegressor	0.98796344507	6.88128662109375
housing	lex_size	0	LassoLarsCV	0.314998670885	37.46236753463745
housing	lex_size	2	LassoLarsCV	0.182012382864	37.56202554702759
housing	lex_size	18	LassoLarsCV	0.190030342336	37.92807960510254
housing	control	5	LassoLarsCV	0.415256034143	32.339282512664795
yacht	lex_size	15	DecisionTreeRegressor	0.988078074122	6.910492897033691
housing	lex_size	5	LassoLarsCV	0.414838011559	38.99445056915283
housing	lex_size	14	LassoLarsCV	0.27615216239	39.024107694625854
housing	lex_size	3	LassoLarsCV	0.141167250189	39.50692892074585
yacht	control	17	DecisionTreeRegressor	0.989267079292	7.551871061325073
yacht	control	7	DecisionTreeRegressor	0.986991259816	7.313210964202881
yacht	control	5	DecisionTreeRegressor	0.987672267168	7.7265167236328125
yacht	control	14	DecisionTreeRegressor	0.989199341481	7.47952938079834
yacht	control	12	DecisionTreeRegressor	0.986163072353	7.8842878341674805
yacht	control	11	DecisionTreeRegressor	0.988412081074	7.58608865737915
yacht	control	16	DecisionTreeRegressor	0.986347825031	7.652320146560669
yacht	control	19	DecisionTreeRegressor	0.986420250267	8.177921533584595
yacht	control	0	DecisionTreeRegressor	0.988264407943	7.855712413787842
yacht	control	10	DecisionTreeRegressor	0.989727372213	8.006309986114502
yacht	control	3	DecisionTreeRegressor	0.987233885727	7.930560350418091
yacht	control	15	DecisionTreeRegressor	0.985344499217	7.9922919273376465
yacht	control	8	DecisionTreeRegressor	0.986125717663	8.141024589538574
yacht	control	18	DecisionTreeRegressor	0.987325578396	8.24345874786377
yacht	control	2	DecisionTreeRegressor	0.988548255346	8.254945278167725
yacht	control	1	DecisionTreeRegressor	0.986409557213	8.258041620254517
yacht	control	13	DecisionTreeRegressor	0.980280523172	8.350481033325195
housing	control	14	LassoLarsCV	0.224529563807	28.851320505142212
yacht	control	4	DecisionTreeRegressor	0.988048771582	8.437653064727783
yacht	control	6	DecisionTreeRegressor	0.988483311613	9.003528118133545
heart	lex_size	17	LogisticRegression	0.785185185185	10.918308973312378
heart	lex_size	18	LogisticRegression	0.822222222222	11.447449684143066
yacht	control	17	LassoLarsCV	0.935698958142	17.514305353164673
heart	lex_size	8	LogisticRegression	0.818518518519	11.677199602127075
heart	lex_size	13	LogisticRegression	0.82962962963	11.811827182769775
heart	lex_size	12	LogisticRegression	0.825925925926	11.323796272277832
yacht	control	7	LassoLarsCV	-2140.0115954	17.674570083618164
yacht	control	18	LassoLarsCV	0.900029721188	17.696971654891968
heart	lex_size	6	LogisticRegression	0.837037037037	11.534276485443115
heart	lex_size	4	LogisticRegression	0.796296296296	11.670896053314209
heart	lex_size	14	LogisticRegression	0.818518518519	11.654093265533447
yacht	lex_size	19	LassoLarsCV	0.967741836651	23.079068660736084
heart	lex_size	11	LogisticRegression	0.833333333333	11.587926864624023
heart	lex_size	19	LogisticRegression	0.822222222222	11.814306735992432
heart	lex_size	9	LogisticRegression	0.822222222222	11.886820554733276
yacht	lex_size	11	LassoLarsCV	0.942358961931	22.998886346817017
yacht	lex_size	18	LassoLarsCV	-409207827448.0	23.13308596611023
heart	lex_size	16	LogisticRegression	0.822222222222	12.13942551612854
yacht	control	15	LassoLarsCV	0.948998846412	18.394209146499634
yacht	lex_size	5	LassoLarsCV	0.833269628571	23.875289916992188
heart	lex_size	0	LogisticRegression	0.818518518519	12.470544815063477
heart	lex_size	1	LogisticRegression	0.833333333333	12.508926630020142
yacht	lex_size	16	LassoLarsCV	0.967172031384	23.57649326324463
yacht	control	11	LassoLarsCV	0.962854003136	18.74589967727661
heart	lex_size	7	LogisticRegression	0.833333333333	12.519002199172974
yacht	lex_size	7	LassoLarsCV	0.941317788267	23.630833625793457
heart	lex_size	10	LogisticRegression	0.803703703704	12.53260850906372
yacht	lex_size	10	LassoLarsCV	0.976554106657	23.718966960906982
yacht	control	19	LassoLarsCV	0.956593877445	19.217160940170288
608032
heart	lex_size	5	LogisticRegression	0.811111111111	12.600028276443481
heart	lex_size	15	LogisticRegression	0.803703703704	12.886417865753174
yacht	control	0	LassoLarsCV	0.937227860263	19.169906616210938
heart	lex_size	2	LogisticRegression	0.82962962963	12.56952428817749
yacht	lex_size	12	LassoLarsCV	0.921946326561	24.660313367843628
yacht	lex_size	14	LassoLarsCV	0.839718497741	23.18811321258545
yacht	control	5	LassoLarsCV	0.939107741398	19.820531129837036
yacht	control	10	LassoLarsCV	0.430855004939	19.623265504837036
yacht	lex_size	8	LassoLarsCV	0.939781658265	24.545161247253418
yacht	control	16	LassoLarsCV	0.964401693062	19.852703094482422
yacht	lex_size	0	LassoLarsCV	0.932208851359	24.600916624069214
yacht	control	12	LassoLarsCV	0.891922183096	20.440149545669556
yacht	control	6	LassoLarsCV	0.942260368115	20.3560733795166
yacht	lex_size	3	LassoLarsCV	0.921730658225	25.182040691375732
yacht	lex_size	17	LassoLarsCV	0.945741716521	25.63337540626526
yacht	lex_size	2	LassoLarsCV	-7.26578235669	25.40495800971985
yacht	lex_size	6	LassoLarsCV	0.979989113667	25.538617610931396
yacht	control	8	LassoLarsCV	0.955121109516	20.891327619552612
yacht	control	1	LassoLarsCV	0.954005327086	20.726730823516846
yacht	lex_size	9	LassoLarsCV	0.0836705963903	25.30245542526245
yacht	lex_size	15	LassoLarsCV	0.928397943503	25.657044649124146
heart	lex_size	13	DecisionTreeClassifier	0.725925925926	5.881359338760376
heart	lex_size	8	DecisionTreeClassifier	0.774074074074	5.964092254638672
heart	lex_size	18	DecisionTreeClassifier	0.759259259259	6.064248561859131
heart	lex_size	17	DecisionTreeClassifier	0.777777777778	6.113494396209717
yacht	lex_size	1	LassoLarsCV	0.943972640681	25.891978979110718
yacht	control	13	LassoLarsCV	0.966210307128	21.37755846977234
heart	lex_size	19	DecisionTreeClassifier	0.722222222222	5.975229501724243
heart	lex_size	11	DecisionTreeClassifier	0.751851851852	5.846299171447754
yacht	lex_size	4	LassoLarsCV	0.961057988763	26.314380884170532
heart	control	13	LogisticRegression	0.822222222222	11.797372341156006
yacht	control	2	LassoLarsCV	0.962020517785	21.65254282951355
heart	lex_size	12	DecisionTreeClassifier	0.759259259259	6.1382341384887695
yacht	control	4	LassoLarsCV	0.9761346933	21.606817483901978
yacht	control	9	LassoLarsCV	0.905235220825	21.744142532348633
heart	lex_size	14	DecisionTreeClassifier	0.725925925926	6.1367573738098145
heart	lex_size	6	DecisionTreeClassifier	0.759259259259	6.1713550090789795
heart	control	17	LogisticRegression	0.844444444444	12.118348598480225
78
heart	control	8	LogisticRegression	0.851851851852	12.224406480789185
heart	lex_size	9	DecisionTreeClassifier	0.788888888889	6.2980663776397705
yacht	control	3	LassoLarsCV	0.0679696131241	22.007984161376953
heart	lex_size	4	DecisionTreeClassifier	0.755555555556	6.425655841827393
heart	lex_size	7	DecisionTreeClassifier	0.72962962963	6.399816274642944
heart	control	4	LogisticRegression	0.855555555556	11.953083038330078
heart	control	16	LogisticRegression	0.851851851852	11.903831958770752
heart	control	19	LogisticRegression	0.807407407407	11.934705257415771
heart	control	11	LogisticRegression	0.814814814815	11.944575548171997
heart	lex_size	10	DecisionTreeClassifier	0.707407407407	6.6109302043914795
heart	lex_size	15	DecisionTreeClassifier	0.722222222222	6.641207456588745
heart	control	18	LogisticRegression	0.82962962963	12.561518430709839
heart	control	6	LogisticRegression	0.818518518519	12.16843557357788
heart	control	12	LogisticRegression	0.844444444444	12.235204458236694
heart	control	9	LogisticRegression	0.844444444444	12.225274562835693
heart	lex_size	3	DecisionTreeClassifier	0.711111111111	6.869969844818115
heart	lex_size	5	DecisionTreeClassifier	0.748148148148	6.867321729660034
heart	lex_size	1	DecisionTreeClassifier	0.725925925926	6.891993045806885
heart	lex_size	0	DecisionTreeClassifier	0.72962962963	6.8742523193359375
heart	control	14	LogisticRegression	0.818518518519	12.487932443618774
heart	lex_size	2	DecisionTreeClassifier	0.688888888889	7.055038928985596
uball5d	lex_size	10	LassoLarsCV	0.795551539149	47.1561541557312
uball5d	lex_size	16	LassoLarsCV	0.780568873871	47.66623139381409
uball5d	lex_size	19	LassoLarsCV	0.786524799035	47.706607818603516
heart	control	7	LogisticRegression	0.848148148148	13.357281923294067

heart	control	1	LogisticRegression	0.840740740741	13.286157369613647
heart	control	5	LogisticRegression	0.837037037037	13.525056600570679
heart	control	2	LogisticRegression	0.822222222222	13.682157754898071
uball5d	lex_size	12	LassoLarsCV	0.712103475608	48.95752716064453
heart	control	10	LogisticRegression	0.822222222222	13.732962846755981
uball5d	lex_size	11	LassoLarsCV	0.806235170983	48.781808376312256
uball5d	lex_size	13	LassoLarsCV	0.785175173189	49.111377477645874
uball5d	lex_size	14	LassoLarsCV	0.774727522851	49.211854457855225
yacht	lex_size	13	LassoLarsCV	0.965670639212	25.54352355003357
uball5d	lex_size	17	LassoLarsCV	0.764064526128	49.71347784996033
heart	control	18	DecisionTreeClassifier	0.759259259259	6.374640226364136
heart	control	8	DecisionTreeClassifier	0.748148148148	6.3709681034088135
heart	control	7	DecisionTreeClassifier	0.762962962963	6.4868175983428955
heart	control	16	DecisionTreeClassifier	0.803703703704	6.193621873855591
heart	control	14	DecisionTreeClassifier	0.77037037037	6.174945592880249
heart	control	11	DecisionTreeClassifier	0.8	6.290542125701904
uball5d	control	0	LassoLarsCV	0.767854785292	46.32388401031494
heart	control	15	DecisionTreeClassifier	0.696296296296	6.6229400634765625
uball5d	control	12	LassoLarsCV	0.616404924825	46.32207751274109
heart	control	12	DecisionTreeClassifier	0.818518518519	6.372591257095337
heart	control	13	DecisionTreeClassifier	0.781481481481	6.6125328540802
uball5d	lex_size	1	LassoLarsCV	0.76784246688	51.06000876426697
heart	control	9	DecisionTreeClassifier	0.788888888889	6.7435102462768555
heart	control	10	DecisionTreeClassifier	0.755555555556	6.83655309677124
heart	control	1	DecisionTreeClassifier	0.785185185185	6.800714731216431
heart	control	4	DecisionTreeClassifier	0.766666666667	6.824239253997803
uball5d	lex_size	3	LassoLarsCV	0.787968435926	51.22866463661194
heart	control	5	DecisionTreeClassifier	0.766666666667	6.907361268997192
heart	control	0	DecisionTreeClassifier	0.755555555556	6.877685785293579
heart	control	2	DecisionTreeClassifier	0.796296296296	6.946178913116455
uball5d	control	16	LassoLarsCV	0.727262285587	47.42935395240784
uball5d	lex_size	8	LassoLarsCV	0.792529146213	51.72967553138733
heart	control	19	DecisionTreeClassifier	0.803703703704	7.106498718261719
uball5d	control	6	LassoLarsCV	0.737827456732	47.340039014816284
uball5d	control	9	LassoLarsCV	0.728465985033	47.40533494949341
heart	control	6	DecisionTreeClassifier	0.781481481481	7.085019826889038
heart	control	3	DecisionTreeClassifier	0.718518518519	7.834946393966675
uball5d	control	13	LassoLarsCV	0.725993753646	47.82899451255798
uball5d	control	11	LassoLarsCV	0.723091014099	47.88064646720886
uball5d	control	10	LassoLarsCV	0.688611737225	47.991092920303345
uball5d	control	17	LassoLarsCV	0.637761247649	48.08064889907837
uball5d	lex_size	5	LassoLarsCV	0.784711454295	52.7102575302124
uball5d	lex_size	2	LassoLarsCV	0.784107058317	52.751842737197876
uball5d	lex_size	7	LassoLarsCV	0.776911946947	52.82815456390381
uball5d	control	8	LassoLarsCV	0.638500876847	48.72403430938721
uball5d	control	7	LassoLarsCV	0.778722387924	48.692131757736206
uball5d	control	1	LassoLarsCV	0.628048651947	49.524688482284546
uball5d	control	14	LassoLarsCV	0.76181081357	49.91601037979126
uball5d	lex_size	4	LassoLarsCV	0.79950210301	54.55574560165405
uball5d	control	4	LassoLarsCV	0.659042643678	50.06561541557312
uball5d	control	2	LassoLarsCV	0.694182303808	50.28462290763855
uball5d	control	3	LassoLarsCV	0.71974854179	51.578513383865356
heart	control	17	DecisionTreeClassifier	0.8	6.580136775970459
uball5d	lex_size	15	LassoLarsCV	0.765111904457	52.36351251602173
uball5d	control	5	LassoLarsCV	0.64481732295	52.28724694252014
uball5d	control	18	LassoLarsCV	0.772292417181	53.30148005485535
uball5d	control	15	LassoLarsCV	0.70898639394	55.232659578323364
uball5d	control	19	LassoLarsCV	0.749765129117	57.539238691329956
bc_clean	lex_size	8	LogisticRegression	0.966601689409	18.124900341033936
bc_clean	lex_size	16	DecisionTreeClassifier	0.908604845447	9.190426111221313
bc_clean	lex_size	7	DecisionTreeClassifier	0.894476933073	9.2763032913208
bc_clean	lex_size	14	DecisionTreeClassifier	0.920894829667	9.363833665847778
bc_clean	lex_size	6	DecisionTreeClassifier	0.896296296296	9.223634958267212

bc_clean	lex_size	18	LogisticRegression	0.95609393855	18.503092050552368
bc_clean	lex_size	2	DecisionTreeClassifier	0.913858720876	9.27938961982727
5
bc_clean	lex_size	14	LogisticRegression	0.9701475912	18.283496379852295
bc_clean	lex_size	17	DecisionTreeClassifier	0.922704910424	9.309952735900879
bc_clean	lex_size	3	DecisionTreeClassifier	0.924403601597	9.271454811096191
bc_clean	lex_size	18	DecisionTreeClassifier	0.901578019122	9.41891098022461
bc_clean	lex_size	7	LogisticRegression	0.9701475912	18.717597723007202
bc_clean	lex_size	15	LogisticRegression	0.961347813979	18.761274814605713
94
bc_clean	lex_size	9	LogisticRegression	0.971920542096	18.57126259803772
bc_clean	lex_size	10	LogisticRegression	0.961357096445	18.62614369392395
bc_clean	lex_size	13	LogisticRegression	0.970138308735	18.66112732887268
bc_clean	lex_size	11	LogisticRegression	0.96311148241	18.759718656539917
bc_clean	lex_size	16	LogisticRegression	0.968346792908	18.864209413528442
bc_clean	lex_size	12	LogisticRegression	0.97540146663	18.903311729431152
bc_clean	lex_size	0	DecisionTreeClassifier	0.905123920913	10.032839298248291
bc_clean	lex_size	5	DecisionTreeClassifier	0.905096073517	10.070287227630615
bc_clean	lex_size	8	DecisionTreeClassifier	0.938503666574	10.0741446018219
bc_clean	lex_size	1	DecisionTreeClassifier	0.892768959436	10.092962503433228
bc_clean	lex_size	15	DecisionTreeClassifier	0.91746031746	10.196244716644287
bc_clean	lex_size	4	DecisionTreeClassifier	0.896259166435	10.243061780929565
bc_clean	lex_size	9	DecisionTreeClassifier	0.9243757542	10.459275960922241
bc_clean	lex_size	11	DecisionTreeClassifier	0.912113617377	10.10002851486206
bc_clean	lex_size	17	LogisticRegression	0.959574863084	18.99061894416809
bc_clean	lex_size	1	LogisticRegression	0.961357096445	20.015671968460083
bc_clean	lex_size	5	LogisticRegression	0.959584145549	20.10981512069702
bc_clean	lex_size	0	LogisticRegression	0.966629536805	20.115888833999634
bc_clean	lex_size	4	LogisticRegression	0.952548036759	20.212972164154053
bc_clean	lex_size	3	LogisticRegression	0.968365357839	20.240594625473022
bc_clean	lex_size	2	LogisticRegression	0.963102199944	20.526766538619995
bc_clean	lex_size	19	LogisticRegression	0.964884433305	20.374483108520508
bc_clean	lex_size	6	LogisticRegression	0.964828738513	20.25354814529419
bc_clean	control	15	LogisticRegression	0.968365357839	18.959988832473755
bc_clean	control	14	LogisticRegression	0.970129026269	18.9709415435791
bc_clean	control	18	LogisticRegression	0.968374640304	19.217270135879517
bc_clean	control	8	LogisticRegression	0.973637798199	19.20079803466797
bc_clean	control	7	LogisticRegression	0.970129026269	19.26289463043213
bc_clean	control	13	LogisticRegression	0.96662025434	19.11096715927124
bc_clean	control	16	LogisticRegression	0.971883412234	19.15359139442444
bc_clean	control	12	LogisticRegression	0.970129026269	19.15919780731201
bc_clean	control	10	LogisticRegression	0.975392184164	19.39512825012207
bc_clean	control	11	LogisticRegression	0.971883412234	19.50370478630066
bc_clean	control	9	LogisticRegression	0.970129026269	19.87589383125305
bc_clean	control	3	DecisionTreeClassifier	0.906887589344	9.634010076522827
bc_clean	control	17	DecisionTreeClassifier	0.906822612086	9.584288358688354
bc_clean	control	14	DecisionTreeClassifier	0.924385036666	9.846070051193237
bc_clean	control	7	DecisionTreeClassifier	0.926176552492	9.933633804321289
bc_clean	control	6	DecisionTreeClassifier	0.910414926204	9.79086446762085
bc_clean	control	16	DecisionTreeClassifier	0.920950524459	10.038064241409302
bc_clean	control	13	DecisionTreeClassifier	0.919177573564	9.875293970108032
bc_clean	control	2	DecisionTreeClassifier	0.906831894551	9.937666654586792
bc_clean	control	12	DecisionTreeClassifier	0.919168291098	10.087982177734375
bc_clean	control	18	DecisionTreeClassifier	0.892750394505	10.099376440048218
bc_clean	control	1	LogisticRegression	0.970129026269	20.471121549606323
bc_clean	control	19	DecisionTreeClassifier	0.913877285807	10.387154579162598
bc_clean	lex_size	10	DecisionTreeClassifier	0.922704910424	9.5716392993927
bc_clean	control	3	LogisticRegression	0.968374640304	20.657116651535034
bc_clean	control	5	LogisticRegression	0.970129026269	20.68575882911682
bc_clean	control	4	LogisticRegression	0.970129026269	20.934531927108765
bc_clean	control	4	DecisionTreeClassifier	0.906859741947	10.56729769706726
bc_clean	control	19	LogisticRegression	0.968365357839	20.913349390029907
bc_clean	control	6	LogisticRegression	0.97365636313	20.971698999404907
bc_clean	control	0	LogisticRegression	0.970129026269	21.0149028301239
bc_clean	control	8	DecisionTreeClassifier	0.924440731458	10.646636724472046
bc_clean	control	11	DecisionTreeClassifier	0.91206720505	10.651577234268188
bc_clean	control	5	DecisionTreeClassifier	0.90154088926	10.735560417175293
bc_clean	control	2	LogisticRegression	0.970129026269	21.235586404800415
bc_clean	control	9	DecisionTreeClassifier	0.899832915622	10.855976581573486
bc_clean	control	10	DecisionTreeClassifier	0.903332405087	10.317379474639893
bc_clean	control	1	DecisionTreeClassifier	0.912122899842	10.973289966583252
bc_clean	control	15	DecisionTreeClassifier	0.910349948946	11.116843461990356
bc_clean	control	0	DecisionTreeClassifier	0.903341687552	11.190857648849487
bc_clean	control	17	LogisticRegression	0.970138308735	19.58463978767395
uball5d	control	11	DecisionTreeRegressor	0.836074055507	94.1797788143158
uball5d	lex_size	10	DecisionTreeRegressor	0.861747434832	103.09115839004517
uball5d	lex_size	15	DecisionTreeRegressor	0.867698206056	103.2566933631897
uball5d	lex_size	4	DecisionTreeRegressor	0.862883357866	104.15867018699646
uball5d	lex_size	16	DecisionTreeRegressor	0.85905916765	103.80503249168396
uball5d	lex_size	7	DecisionTreeRegressor	0.863200814884	103.99997234344482
uball5d	lex_size	19	DecisionTreeRegressor	0.863479988955	104.5358419418335
uball5d	lex_size	6	DecisionTreeRegressor	0.861678780871	104.08791589736938
uball5d	lex_size	9	DecisionTreeRegressor	0.866969743107	104.76510691642761
uball5d	lex_size	17	DecisionTreeRegressor	0.867921470357	105.01558470726013
uball5d	lex_size	18	DecisionTreeRegressor	0.865114850795	104.72613072395325
uball5d	lex_size	8	DecisionTreeRegressor	0.863289137837	104.73275327682495
uball5d	control	6	DecisionTreeRegressor	0.818596187031	100.49926924705505
uball5d	lex_size	13	DecisionTreeRegressor	0.863511523909	105.84263181686401
uball5d	control	18	DecisionTreeRegressor	0.829334540836	102.47429966926575
uball5d	control	19	DecisionTreeRegressor	0.828661873699	103.6458899974823
uball5d	control	17	DecisionTreeRegressor	0.82158791848	104.05720472335815
uball5d	control	13	DecisionTreeRegressor	0.817745219377	104.16264939308167
yeast	lex_size	12	DecisionTreeClassifier	0.469014026909	19.010447025299072
yeast	lex_size	11	DecisionTreeClassifier	0.479781621887	19.26735258102417
yeast	lex_size	13	DecisionTreeClassifier	0.492595318911	19.98216676712036
yeast	lex_size	19	DecisionTreeClassifier	0.476433702749	20.46190619468689
yeast	lex_size	8	DecisionTreeClassifier	0.475080085606	20.146042346954346
yeast	lex_size	2	DecisionTreeClassifier	0.489237857659	20.516435861587524
yeast	lex_size	14	DecisionTreeClassifier	0.481161139056	20.95475673675537
yeast	lex_size	4	DecisionTreeClassifier	0.475764391554	21.236123085021973
yeast	lex_size	6	DecisionTreeClassifier	0.438025327499	21.261178016662598
yeast	lex_size	1	DecisionTreeClassifier	0.475758938917	21.536123752593994
yeast	lex_size	17	DecisionTreeClassifier	0.479124579125	21.977731943130493
yeast	lex_size	16	DecisionTreeClassifier	0.478462083725	21.801050424575806
yeast	lex_size	3	DecisionTreeClassifier	0.461602530024	21.933186054229736
uball5d	lex_size	11	DecisionTreeRegressor	0.848883776348	112.64230966567993
uball5d	lex_size	12	DecisionTreeRegressor	0.865597390491	112.6933081150055
yeast	lex_size	18	DecisionTreeClassifier	0.480457748879	22.261614084243774
yeast	lex_size	10	DecisionTreeClassifier	0.469696969697	22.20026469230652
uball5d	lex_size	0	DecisionTreeRegressor	0.862490842633	112.8214783668518
yeast	lex_size	7	DecisionTreeClassifier	0.453535353535	22.887927770614624
uball5d	lex_size	1	DecisionTreeRegressor	0.866020132541	113.52990388870239
yeast	lex_size	15	DecisionTreeClassifier	0.468343352554	23.776414394378662
uball5d	lex_size	2	DecisionTreeRegressor	0.868570997324	113.90613842010498
uball5d	lex_size	5	DecisionTreeRegressor	0.863016003644	113.96863460540771
yeast	lex_size	5	DecisionTreeClassifier	0.458932101037	23.791060209274292
yeast	lex_size	0	DecisionTreeClassifier	0.479804795594	23.84799075126648
uball5d	lex_size	3	DecisionTreeRegressor	0.869729413204	114.49577903747559
uball5d	control	14	DecisionTreeRegressor	0.826147025892	109.39339017868042
yeast	lex_size	9	DecisionTreeClassifier	0.45486852329	24.164516925811768
uball5d	control	2	DecisionTreeRegressor	0.834389918174	111.10681653022766
yeast	control	18	DecisionTreeClassifier	0.472401477665	21.16211199760437
uball5d	lex_size	14	DecisionTreeRegressor	0.863358306489	114.11065673828125
yeast	control	19	DecisionTreeClassifier	0.492588503115	23.56499671936035
yeast	control	7	DecisionTreeClassifier	0.469666980193	23.981679439544678
uball5d	control	9	DecisionTreeRegressor	0.815840093919	113.91731762886047
yeast	control	12	DecisionTreeClassifier	0.472387846072	23.97995090484619
yeast	control	8	DecisionTreeClassifier	0.468992216361	24.377363204956055
yeast	control	6	DecisionTreeClassifier	0.445423192792	24.393471240997314
uball5d	control	3	DecisionTreeRegressor	0.827410405839	114.6514585018158
uball5d	control	4	DecisionTreeRegressor	0.841724770851	114.01210379600525
yeast	control	9	DecisionTreeClassifier	0.479792527161	25.00101375579834
uball5d	control	16	DecisionTreeRegressor	0.824306529144	116.12878108024597
uball5d	control	0	DecisionTreeRegressor	0.813649901459	116.44277262687683
yeast	control	11	DecisionTreeClassifier	0.477775051459	26.098986387252808
yeast	control	17	DecisionTreeClassifier	0.44744612113	26.636826276779175
yeast	control	14	DecisionTreeClassifier	0.473729194782	26.279890537261963
yeast	control	4	DecisionTreeClassifier	0.462281383334	26.56823706626892
yeast	control	13	DecisionTreeClassifier	0.486538802328	26.601770401000977
yeast	control	15	DecisionTreeClassifier	0.469701059175	27.08641004562378
yeast	control	1	DecisionTreeClassifier	0.462953420848	27.19119882583618
uball5d	control	12	DecisionTreeRegressor	0.812620595676	118.10560965538025
yeast	control	16	DecisionTreeClassifier	0.483156804209	27.837380409240723
uball5d	control	10	DecisionTreeRegressor	0.80019455443	118.24665188789368
yeast	control	0	DecisionTreeClassifier	0.460915497758	28.378782272338867
yeast	control	2	DecisionTreeClassifier	0.4669733775	28.817734241485596
yeast	control	10	DecisionTreeClassifier	0.464293406399	30.170203924179077
yeast	control	3	DecisionTreeClassifier	0.468336536758	30.41223931312561
yeast	control	5	DecisionTreeClassifier	0.458240979294	30.51800227165222
uball5d	control	8	DecisionTreeRegressor	0.803769527539	120.90349531173706
uball5d	control	5	DecisionTreeRegressor	0.837193128781	126.51957559585571
uball5d	control	1	DecisionTreeRegressor	0.790665505648	128.7122917175293
seg	lex_size	19	DecisionTreeClassifier	0.952813852814	25.36685562133789
seg	lex_size	17	DecisionTreeClassifier	0.954112554113	25.231984853744507
seg	lex_size	16	DecisionTreeClassifier	0.958874458874	25.830559730529785
seg	lex_size	13	DecisionTreeClassifier	0.95670995671	25.355875968933105
seg	lex_size	18	DecisionTreeClassifier	0.951082251082	25.882938385009766
seg	lex_size	7	DecisionTreeClassifier	0.953246753247	25.52444839477539
seg	lex_size	11	DecisionTreeClassifier	0.953246753247	25.532371520996094
seg	lex_size	12	DecisionTreeClassifier	0.955844155844	25.979015350341797
seg	lex_size	2	DecisionTreeClassifier	0.95367965368	26.48914384841919
seg	lex_size	14	DecisionTreeClassifier	0.961904761905	26.136151552200317
seg	lex_size	8	DecisionTreeClassifier	0.959307359307	26.261489152908325
seg	lex_size	9	DecisionTreeClassifier	0.956277056277	26.786421537399292
seg	lex_size	0	DecisionTreeClassifier	0.963203463203	27.38809847831726
seg	lex_size	6	DecisionTreeClassifier	0.958008658009	27.54968571662903
seg	lex_size	4	DecisionTreeClassifier	0.954545454545	27.613113164901733
seg	lex_size	5	DecisionTreeClassifier	0.954545454545	27.58934760093689
seg	lex_size	1	DecisionTreeClassifier	0.953246753247	27.825597524642944
seg	lex_size	15	DecisionTreeClassifier	0.951082251082	28.060209035873413
seg	lex_size	3	DecisionTreeClassifier	0.963203463203	28.219061374664307
seg	lex_size	10	DecisionTreeClassifier	0.95974025974	28.93494176864624
seg	control	8	DecisionTreeClassifier	0.955411255411	25.472305297851562
seg	control	9	DecisionTreeClassifier	0.957575757576	26.298972606658936
seg	control	14	DecisionTreeClassifier	0.960173160173	26.505101203918457
seg	control	11	DecisionTreeClassifier	0.964069264069	26.497955083847046
seg	control	7	DecisionTreeClassifier	0.961904761905	26.84254479408264
seg	control	18	DecisionTreeClassifier	0.966233766234	27.28534984588623
seg	control	12	DecisionTreeClassifier	0.964935064935	26.9411678314209
seg	control	2	DecisionTreeClassifier	0.965800865801	27.434021949768066
seg	control	19	DecisionTreeClassifier	0.965367965368	27.976476907730103
seg	control	10	DecisionTreeClassifier	0.961038961039	28.238159894943237
seg	control	6	DecisionTreeClassifier	0.964502164502	28.60771679878235
uball5d	control	15	DecisionTreeRegressor	0.818392486187	129.43981456756592
seg	control	16	DecisionTreeClassifier	0.961038961039	29.363661766052246
seg	control	13	DecisionTreeClassifier	0.958441558442	29.033002376556396
seg	control	5	DecisionTreeClassifier	0.964502164502	29.187394618988037
seg	control	0	DecisionTreeClassifier	0.95670995671	29.31772518157959
seg	control	1	DecisionTreeClassifier	0.964502164502	30.246464252471924
seg	control	17	DecisionTreeClassifier	0.958874458874	30.307431936264038
seg	control	15	DecisionTreeClassifier	0.958874458874	30.919214010238647
seg	control	3	DecisionTreeClassifier	0.955844155844	31.187103509902954
seg	control	4	DecisionTreeClassifier	0.954978354978	31.856330633163452
wav	lex_size	4	DecisionTreeClassifier	0.748797899484	85.35110902786255
wav	lex_size	13	DecisionTreeClassifier	0.733002019044	85.62686800956726
wav	lex_size	12	DecisionTreeClassifier	0.737996218283	85.96737003326416
wav	lex_size	7	DecisionTreeClassifier	0.732399618516	87.00502729415894
wav	lex_size	18	DecisionTreeClassifier	0.737602299468	87.36959981918335
wav	lex_size	10	DecisionTreeClassifier	0.74340173982	87.35772585868835
wav	lex_size	9	DecisionTreeClassifier	0.740998378956	87.35032153129578
wav	lex_size	8	DecisionTreeClassifier	0.74979997998	87.42936944961548
wav	lex_size	15	DecisionTreeClassifier	0.752599180044	88.21474266052246
wav	lex_size	16	DecisionTreeClassifier	0.732600298668	88.91198253631592
wav	lex_size	17	DecisionTreeClassifier	0.728000978436	89.03010153770447
wav	control	12	DecisionTreeClassifier	0.738799539012	84.85248160362244
wav	lex_size	14	DecisionTreeClassifier	0.7329982983	89.66834354400635
wav	control	16	DecisionTreeClassifier	0.742997618964	85.73164653778076
wav	control	10	DecisionTreeClassifier	0.731602539036	85.85233473777771
wav	control	15	DecisionTreeClassifier	0.736601299188	86.31472826004028
wav	control	18	DecisionTreeClassifier	0.737202499476	86.66901922225952
wav	control	3	DecisionTreeClassifier	0.736600338996	86.71044659614563
wav	control	7	DecisionTreeClassifier	0.7435990593	86.58531475067139
wav	control	8	DecisionTreeClassifier	0.74419941942	86.77675771713257
wav	control	1	DecisionTreeClassifier	0.732000538668	87.40117478370667
wav	control	17	DecisionTreeClassifier	0.739199098956	87.81896996498108
wav	control	13	DecisionTreeClassifier	0.728600138316	88.94049334526062
wav	lex_size	11	DecisionTreeClassifier	0.740201179452	93.6005048751831
wav	control	4	DecisionTreeClassifier	0.73639773846	89.24288582801819
wav	lex_size	5	DecisionTreeClassifier	0.74079877902	94.41671895980835
wav	lex_size	6	DecisionTreeClassifier	0.74600049978	94.8084168434143
wav	lex_size	0	DecisionTreeClassifier	0.736198858668	95.31654119491577
wav	lex_size	19	DecisionTreeClassifier	0.753601740636	95.63034296035767
wav	lex_size	2	DecisionTreeClassifier	0.746599779684	95.74954557418823
wav	lex_size	1	DecisionTreeClassifier	0.74939933982	96.44371628761292
wav	control	0	DecisionTreeClassifier	0.738801099324	92.42914271354675
wav	control	6	DecisionTreeClassifier	0.746399819676	92.58439230918884
wav	control	14	DecisionTreeClassifier	0.735806140093	92.68467235565186
wav	control	2	DecisionTreeClassifier	0.729199778292	92.821702003479
wav	lex_size	3	DecisionTreeClassifier	0.743597739036	98.06970930099487
wav	control	5	DecisionTreeClassifier	0.74740033986	93.6294195652008
wav	control	19	DecisionTreeClassifier	0.738998658852	95.26624202728271
wav	control	9	DecisionTreeClassifier	0.747801460116	96.0630292892456
wav	control	11	DecisionTreeClassifier	0.731599778484	99.62607645988464
wav	lex_size	4	LogisticRegression	0.868599269342	148.0806016921997
wav	lex_size	5	LogisticRegression	0.862399308854	151.92764925956726
wav	lex_size	12	LogisticRegression	0.86579982923	153.79744029045105
wav	lex_size	13	LogisticRegression	0.866599669262	176.08306336402893
wav	lex_size	1	LogisticRegression	0.863600269142	179.0797712802887
wav	lex_size	2	LogisticRegression	0.86579982923	187.78672075271606
wav	lex_size	6	LogisticRegression	0.863200349126	201.30405259132385
wav	lex_size	16	LogisticRegression	0.863200349126	206.43862867355347
wav	lex_size	0	LogisticRegression	0.86579982923	209.67804837226868
wav	lex_size	19	LogisticRegression	0.86579982923	214.66512537002563
wav	lex_size	7	LogisticRegression	0.865399909214	217.60540127754211
wav	lex_size	15	LogisticRegression	0.863599188926	234.99553442001343
wav	lex_size	11	LogisticRegression	0.86579982923	237.0495994091034
wav	lex_size	9	LogisticRegression	0.86480002919	238.57388758659363
wav	lex_size	18	LogisticRegression	0.866199749246	240.70409154891968
wav	lex_size	8	LogisticRegression	0.86579982923	246.76674151420593
wav	lex_size	10	LogisticRegression	0.863600269142	250.55029320716858
wav	lex_size	14	LogisticRegression	0.86579982923	251.21072244644165
wav	lex_size	17	LogisticRegression	0.86480002919	251.9960057735443
wav	control	1	LogisticRegression	0.86579982923	261.82186007499695
yeast	lex_size	7	LogisticRegression	0.595686964108	322.6896195411682
yeast	lex_size	10	LogisticRegression	0.592994724574	324.10159039497375
yeast	lex_size	16	LogisticRegression	0.592994724574	324.69890332221985
yeast	lex_size	14	LogisticRegression	0.589623631729	324.730108499527
yeast	lex_size	18	LogisticRegression	0.595016289753	324.70983052253723
yeast	lex_size	6	LogisticRegression	0.601086437929	327.3405146598816
yeast	lex_size	2	LogisticRegression	0.580185117027	327.6559760570526
wav	lex_size	3	LogisticRegression	0.866999589278	286.868284702301
yeast	lex_size	13	LogisticRegression	0.593674941043	328.6169888973236
yeast	lex_size	19	LogisticRegression	0.593668125247	329.01740074157715
yeast	lex_size	17	LogisticRegression	0.586255265203	329.12920784950256
yeast	control	11	LogisticRegression	0.58423915266	324.4398777484894
yeast	control	15	LogisticRegression	0.582197140092	325.23740220069885
yeast	lex_size	3	LogisticRegression	0.588944778418	330.1744296550751
yeast	control	13	LogisticRegression	0.59164247059	326.54296493530273
yeast	control	17	LogisticRegression	0.595686964108	327.62482810020447
yeast	control	12	LogisticRegression	0.582208045366	327.7461965084076
yeast	lex_size	12	LogisticRegression	0.582220313799	332.7690198421478
wav	control	15	LogisticRegression	0.86200034903	287.837210893631
yeast	control	18	LogisticRegression	0.59164247059	329.76870346069336
yeast	control	14	LogisticRegression	0.591649286386	330.5997564792633
yeast	control	8	LogisticRegression	0.597032402296	330.7890422344208
yeast	control	7	LogisticRegression	0.596372633215	331.8084990978241
yeast	control	19	LogisticRegression	0.593008356166	332.2805652618408
yeast	control	1	LogisticRegression	0.590305211358	334.8885395526886
yeast	control	9	LogisticRegression	0.597723524039	337.9813013076782
yeast	lex_size	5	LogisticRegression	0.589623631729	348.4973895549774
yeast	lex_size	4	LogisticRegression	0.588958410011	348.58465695381165
yeast	lex_size	15	LogisticRegression	0.601078258973	349.59381651878357
yeast	lex_size	11	LogisticRegression	0.597711255606	350.6311848163605
yeast	lex_size	8	LogisticRegression	0.597705802969	350.931334733963
yeast	control	2	LogisticRegression	0.598379203642	348.06591153144836
yeast	lex_size	1	LogisticRegression	0.599056693794	353.20886182785034
yeast	lex_size	0	LogisticRegression	0.605122752491	355.68198704719543
wav	control	17	LogisticRegression	0.865599869222	310.95647621154785
yeast	control	0	LogisticRegression	0.59030112188	351.82971000671387
yeast	control	10	LogisticRegression	0.58221895064	352.5042598247528
yeast	control	6	LogisticRegression	0.595023105549	352.8852632045746
yeast	control	4	LogisticRegression	0.580863970338	353.4551012516022
seg	lex_size	8	LogisticRegression	0.920779220779	338.17400002479553
seg	lex_size	9	LogisticRegression	0.919480519481	338.8476893901825
seg	lex_size	11	LogisticRegression	0.918614718615	338.96444368362427
seg	lex_size	18	LogisticRegression	0.916883116883	339.75367975234985
seg	lex_size	7	LogisticRegression	0.919913419913	341.51046895980835
wav	control	19	LogisticRegression	0.864400109174	316.19660353660583
seg	lex_size	19	LogisticRegression	0.921645021645	342.2586417198181
seg	lex_size	17	LogisticRegression	0.916017316017	342.44399189949036
seg	lex_size	2	LogisticRegression	0.925108225108	342.92791533470154
seg	lex_size	14	LogisticRegression	0.921645021645	343.21438336372375
seg	lex_size	16	LogisticRegression	0.926406926407	344.6821777820587
yeast	control	16	LogisticRegression	0.600406221459	360.15092968940735
wav	control	14	LogisticRegression	0.86579982923	320.20547580718994
yeast	lex_size	9	LogisticRegression	0.601078258973	367.2684018611908
yeast	control	3	LogisticRegression	0.604454804455	362.70054054260254
yeast	control	5	LogisticRegression	0.588278193541	363.7476499080658
seg	lex_size	12	LogisticRegression	0.919913419913	349.36164808273315
wav	control	10	LogisticRegression	0.861000789038	324.8929786682129
seg	lex_size	13	LogisticRegression	0.925108225108	350.2909746170044
wav	control	4	LogisticRegression	0.86579982923	326.84863352775574
wav	control	18	LogisticRegression	0.86579982923	328.8860242366791
wav	control	7	LogisticRegression	0.86579982923	330.33182525634766
wav	control	9	LogisticRegression	0.86579982923	331.5145945549011
wav	control	13	LogisticRegression	0.86579982923	331.9180431365967
seg	control	18	LogisticRegression	0.932467532468	352.1298031806946
wav	control	12	LogisticRegression	0.864200149166	332.9494330883026
wav	control	16	LogisticRegression	0.86579982923	333.84935450553894
seg	control	7	LogisticRegression	0.929004329004	354.13201093673706
seg	control	19	LogisticRegression	0.928138528139	354.47618889808655
seg	control	11	LogisticRegression	0.925108225108	354.76300835609436
seg	control	9	LogisticRegression	0.933333333333	354.9535949230194
wav	control	8	LogisticRegression	0.864999869174	335.25820803642273
seg	control	2	LogisticRegression	0.922943722944	355.7403357028961
seg	control	8	LogisticRegression	0.925541125541	355.4777114391327
seg	control	13	LogisticRegression	0.921212121212	355.7149245738983
seg	lex_size	10	LogisticRegression	0.924242424242	365.78667068481445
seg	control	14	LogisticRegression	0.928571428571	360.42617893218994
seg	lex_size	6	LogisticRegression	0.937229437229	366.6152069568634
seg	control	12	LogisticRegression	0.922943722944	361.26403880119324
seg	lex_size	15	LogisticRegression	0.9329004329	367.2166519165039
seg	control	17	LogisticRegression	0.926406926407	361.9270269870758
seg	lex_size	1	LogisticRegression	0.920346320346	367.47270250320435
wav	control	11	LogisticRegression	0.863000389118	342.5733058452606
seg	lex_size	0	LogisticRegression	0.922943722944	368.08021998405457
seg	control	16	LogisticRegression	0.933766233766	363.50459337234497
seg	lex_size	3	LogisticRegression	0.931168831169	370.25287652015686
seg	lex_size	5	LogisticRegression	0.925108225108	371.6803650856018
wav	control	6	LogisticRegression	0.86579982923	347.86426758766174
wav	control	0	LogisticRegression	0.867199549286	352.5119860172272
wav	control	3	LogisticRegression	0.86579982923	352.76334524154663
wav	control	5	LogisticRegression	0.862199828942	352.8099205493927
seg	lex_size	4	LogisticRegression	0.927705627706	379.1409914493561
wav	control	2	LogisticRegression	0.86579982923	354.7108590602875
seg	control	0	LogisticRegression	0.933333333333	379.5820062160492
seg	control	5	LogisticRegression	0.934632034632	380.34669065475464
seg	control	6	LogisticRegression	0.920779220779	380.801650762558
seg	control	15	LogisticRegression	0.926406926407	381.14688897132874
seg	control	1	LogisticRegression	0.924242424242	384.01431608200073
seg	control	3	LogisticRegression	0.930735930736	385.02417397499084
seg	control	10	LogisticRegression	0.922077922078	386.3405075073242
seg	control	4	LogisticRegression	0.935497835498	399.0315651893616
